Longitude,Jan,Feb,Nov,Dec,Jan_std,Feb_std,Nov_std,Dec_std
0.0,,,-64.3354549407959,,,,4.754666907997224,
0.5,,,-64.43910217285156,,,,4.6436591641765395,
1.0,,,-64.97085762023926,,,,4.609811553808582,
1.5,,,-65.49594116210938,,,,4.654807599865207,
2.0,,,-65.68858909606934,,,,4.6035646818665255,
2.5,,,-65.73202151699633,,,,4.590996417294594,
3.0,,,-65.80536651611328,,,,4.511866176506131,
3.5,,,-65.70331573486328,,,,4.47536344116585,
4.0,,,-65.70331573486328,,,,4.390798313218922,
4.5,,,-65.70331573486328,,,,4.346075692300141,
5.0,,,-65.59962844848633,,,,4.176956290149666,
5.5,,,-65.70331573486328,,,,4.0816924310978795,
6.0,,,-65.49594116210938,,,,3.960775437546831,
6.5,,,-65.28856658935547,,,,3.8720675228810832,
7.0,,,-65.38237380981445,,,,3.6989406399012523,
7.5,,,-65.70331573486328,,,,3.643175669035902,
8.0,,,-65.59962844848633,,,,3.519045752824134,
8.5,,,-65.70331573486328,,,,3.444839592937163,
9.0,,,-65.59962844848633,,,,3.2782008429648464,
9.5,,,-65.70331573486328,,,,3.195970723293065,
10.0,,,-65.59962844848633,,,,3.129192625861946,
10.5,,,-65.70331573486328,,,,3.0670608599534757,
11.0,,,-65.49594116210938,,,,2.9983588313390457,
11.5,,,-65.28856658935547,,,,2.934641416135413,
12.0,,,-65.28856658935547,,,,2.8201388390544637,
12.5,,,-65.28856658935547,,,,2.772047084813279,
13.0,,,-65.28856658935547,,,,2.7052670032340016,
13.5,,,-65.28856658935547,,,,2.6463764499608193,
14.0,,,-65.28856658935547,,,,2.613491532573177,
14.5,,,-65.28856658935547,,,,2.5869842400945107,
15.0,,,-65.28856658935547,,,,2.543116440813444,
15.5,,,-65.28856658935547,,,,2.5055732896331753,
16.0,,,-65.28856658935547,,,,2.4455439705314337,
16.5,,,-65.28856658935547,,,,2.3994961388070233,
17.0,,,-65.28856658935547,,,,2.375333292673666,
17.5,,,-65.28856658935547,,,,2.3590724497086937,
18.0,,,-65.28856658935547,,,,2.276020598954272,
18.5,,,-65.28856658935547,,,,2.2363410100237395,
19.0,,,-65.49594116210938,,,,2.1538599000128196,
19.5,,,-65.70331573486328,,,,2.1353935475429497,
20.0,,,-65.70331573486328,,,,2.1495454994869756,
20.5,,,-65.70331573486328,,,,2.1762367542868613,
21.0,,,-65.70331573486328,,,,2.150965336467089,
21.5,,,-65.70331573486328,,,,2.132471787592336,
22.0,,,-65.70331573486328,,,,2.116849033271202,
22.5,,,-65.70331573486328,,,,2.109031834016357,
23.0,,,-65.70331573486328,,,,2.0851288687805907,
23.5,,,-65.70331573486328,,,,2.0709923693351944,
24.0,,,-65.90741729736328,,,,2.057114736488116,
24.5,,,-66.11151885986328,,,,2.0526315341885146,
25.0,,,-65.90741729736328,,,,2.010957996378103,
25.5,,,-65.70331573486328,,,,1.9781002033747679,
26.0,,,-65.90741729736328,,,,1.9441567148401198,
26.5,,,-66.11151885986328,,,,1.9213549566263535,
27.0,,,-66.00946807861328,,,,1.8936011400550274,
27.5,,,-66.11151885986328,,,,1.882337800916644,
28.0,,,-66.11151885986328,,,,1.8694427346753864,
28.5,,,-66.11151885986328,,,,1.8737782841266764,
29.0,,,-65.90741729736328,,,,1.8415810435232125,
29.5,,,-65.70331573486328,,,,1.8254396673134414,
30.0,,,-65.80536651611328,,,,1.808940769951507,
30.5,,,-65.70331573486328,,,,1.8032146068708612,
31.0,,,-65.80536651611328,,,,1.7749997005127471,
31.5,,,-65.70331573486328,,,,1.7639685169772081,
32.0,,,-65.70331573486328,,,,1.7271837334302185,
32.5,,,-65.70331573486328,,,,1.7026782106404679,
33.0,,,-65.70331573486328,,,,1.671693502792204,
33.5,,,-65.70331573486328,,,,1.6645281414129076,
34.0,,,-65.70331573486328,,,,1.6218637722179063,
34.5,,,-65.70331573486328,,,,1.6247582152682378,
35.0,,,-65.49594116210938,,,,1.6434250652371822,
35.5,,,-65.70331573486328,,,,1.6751063034631881,
36.0,,,-65.49594116210938,,,,1.644915528238117,
36.5,,,-65.28856658935547,,,,1.623402448237898,
37.0,,,-65.39225387573242,,,,1.628655930430634,
37.5,,,-65.28856658935547,,,,1.651862523343823,
38.0,,,-65.28856658935547,,,,1.6831261533495387,
38.5,,,-65.28856658935547,,,,1.7260627060082607,
39.0,,,-65.28856658935547,,,,1.6754003800616415,
39.5,,,-65.28856658935547,,,,1.6446337040753338,
40.0,,,-65.28856658935547,,,,1.5411057805978492,
40.5,,,-65.28856658935547,,,,1.4577694401887762,
41.0,,,-65.28856658935547,,,,1.4018129017178915,
41.5,,,-65.28856658935547,,,,1.3606948510641517,
42.0,,,-65.077880859375,,,,1.3517911315495517,
42.5,,,-64.86719512939453,,,,1.3530816611566552,
43.0,,,-64.86719512939453,,,,1.3422941147172573,
43.5,,,-64.86719512939453,,,,1.3424957855692707,
44.0,,,-64.65314865112305,,,,1.3240036780509723,
44.5,,,-64.43910217285156,,,,1.3197315060496424,
45.0,,,-64.43910217285156,,,,1.335135436663058,
45.5,,,-64.43910217285156,,,,1.3613534251535775,
46.0,,,-64.33038330078125,,,,1.3027981636956174,
46.5,,,-64.43910217285156,,,,1.2614084654226896,
47.0,,,-64.22166442871094,,,,1.2649126397196104,
47.5,,,-64.00422668457031,,,,1.2797782851598642,
48.0,,,-64.00422668457031,,,,1.2601646595160148,
48.5,,,-64.00422668457031,,,,1.2534066417425238,
49.0,,,-63.783348083496094,,,,1.2293428432602094,
49.5,,,-63.562469482421875,,,,1.2199434564241973,
50.0,,,-63.562469482421875,,,,1.2069330620253622,
50.5,,,-63.562469482421875,,,,1.2069457146468807,
51.0,,,-63.562469482421875,,,,1.1782674666699577,
51.5,,,-63.562469482421875,,,,1.1623075089202188,
52.0,,,-63.562469482421875,,,,1.1481293879299888,
52.5,,,-63.562469482421875,,,,1.1465841201775897,
53.0,,,-63.562469482421875,,,,1.1432789084845436,
53.5,,,-63.562469482421875,,,,1.1492421799047288,
54.0,,,-63.562469482421875,,,,1.137987584294767,
54.5,,,-63.562469482421875,,,,1.136768984951217,
55.0,,,-63.562469482421875,,,,1.1221882384374795,
55.5,,,-63.562469482421875,,,,1.1202730367777995,
56.0,,,-63.562469482421875,,,,1.1303937041293715,
56.5,,,-63.562469482421875,,,,1.1494358963733555,
57.0,,,-63.672908782958984,,,,1.1928904804728244,
57.5,,,-64.00422668457031,,,,1.2461960266467276,
58.0,,,-63.8937873840332,,,,1.3106505391930812,
58.5,,,-64.00422668457031,,,,1.389490828277772,
59.0,,,-64.11294555664062,,,,1.401475130033532,
59.5,,,-64.22166442871094,,,,1.4240404080625706,
60.0,,,-64.33038330078125,,,,1.4898737659724652,
60.5,,,-64.43910217285156,,,,1.571126796439118,
61.0,,,-64.33038330078125,,,,1.5546067643912032,
61.5,,,-64.43910217285156,,,,1.5467023292195168,
62.0,,,-64.43910217285156,,,,1.5213726055242576,
62.5,,,-64.43910217285156,,,,1.5045504971112722,
63.0,,,-64.43910217285156,,,,1.4573450893240563,
63.5,,,-64.43910217285156,,,,1.4207623523732982,
64.0,,,-64.65314865112305,,,,1.4040105678228734,
64.5,,,-64.43910217285156,,,,1.395904226900442,
65.0,,,-64.5461254119873,,,,1.4034323540706326,
65.5,,,-64.65314865112305,,,,1.4213694644480932,
66.0,,,-64.65314865112305,,,,1.457261423245912,
66.5,,,-64.86719512939453,,,,1.5046717934200393,
67.0,,,-64.76017189025879,,,,1.5107985501906098,
67.5,,,-64.86719512939453,,,,1.526723459479077,
68.0,,,-64.86551475524902,,,,1.566864711866722,
68.5,,,-65.077880859375,,,,1.6300835108414164,
69.0,,,-65.18322372436523,,,,1.6673249093511353,
69.5,,,-65.28856658935547,,,,1.7126179321982433,
70.0,,,-65.39225387573242,,,,1.736324018127198,
70.5,,,-65.70331573486328,,,,1.7772317855224231,
71.0,,,-65.70331573486328,,,,1.8128371326895851,
71.5,,,-65.70331573486328,,,,1.8602273808670546,
72.0,,,-65.70331573486328,,,,1.9085470631533974,
72.5,,,-65.90741729736328,,,,1.9680606956613287,
73.0,,,-66.10990333557129,,,,2.0055068371983875,
73.5,,,-66.11151885986328,,,,2.0576211122655126,
74.0,-67.93138667832882,-67.54698410860894,-66.3123893737793,-67.73052352066162,7.614976786072673,18.391030136694773,2.081169022490388,2.5841215504183346
74.5,-67.91926607554274,-67.53306200718363,-66.51325988769531,-67.59483907365174,7.552792240994702,18.3120883678659,2.1180825222893613,2.549090787352946
75.0,-67.93735419564337,-67.51913990575832,-66.71094131469727,-67.61518923616904,7.488008248795399,18.23114690743788,2.148751496836355,2.5296319617723997
75.5,-67.92338216848862,-67.505217804333,-66.89180639515752,-67.7010910865375,7.42510112751899,18.150952550373336,2.1936970590049896,2.518823043382224
76.0,-67.90941014133385,-67.48868648988699,-66.86381257098654,-67.6912802751628,7.363781445648486,18.07370843604479,2.1869448372421294,2.486015325795404
76.5,-67.89543811417909,-67.46949433906437,-66.90862274169922,-67.68146946378809,7.302734426974045,17.996813616404598,2.194223334128052,2.4576855430809132
77.0,-67.86218775438113,-67.45030218824175,-66.7137106190557,-67.67165865241338,7.242274583581802,17.92124376931392,2.1432935725653657,2.410864626951842
77.5,-67.80909122551326,-67.43111003741913,-66.73174597829433,-67.68053436279297,7.182083537074103,17.845919472828196,2.114815272017489,2.366577809871689
78.0,-67.79386071095963,-67.41191788659653,-66.62516558188192,-67.5379327138265,7.1219753460317365,17.770843849353174,2.091044599040406,2.3211110179245344
78.5,-67.77956689718391,-67.39272573577391,-66.51325988769531,-67.41076969672277,7.06222787044921,17.69602006388573,2.0761402038607146,2.277912285768124
79.0,-67.73662407620996,-67.37353358495129,-66.50760194529659,-67.35259428418917,7.001905994188224,17.621451324471757,2.02497129684522,2.2356763922673273
79.5,-67.70787652982025,-67.35434143412868,-66.11151885986328,-67.30155309041342,6.941807914590078,17.54714088266055,1.9922660510987997,2.1957508037266424
80.0,-67.68829941977594,-67.33514928330607,-66.20874404907227,-67.25001667337133,6.881939494720878,17.473092033955396,1.928282411788372,2.155324654163356
80.5,-67.67721427962479,-67.32975566222582,-66.11151885986328,-67.21726257475612,6.822306780646098,17.399308118259825,1.895547270852418,2.118469282304357
81.0,-67.66104367198105,-67.32683841652684,-66.10990333557129,-67.14960839669402,6.764148570589268,17.325792520318878,1.8873814906184903,2.0859324131998047
81.5,-67.63570343559168,-67.32332349465693,-66.11151885986328,-67.06910195585462,6.706449993454694,17.252548670154837,1.8915210576441726,2.0568024175668675
82.0,-67.60999097959869,-67.30462938865655,-65.80536651611328,-67.02641197167858,6.647564984308531,17.179580043496806,1.8814889124973246,2.0235029914954747
82.5,-67.59041386955438,-67.28598133833505,-65.70331573486328,-67.00018675265792,6.5889404127407705,17.106890162203484,1.880085899508092,1.9936856363304682
83.0,-67.57083675951007,-67.26733328801356,-65.70331573486328,-66.94503412710552,6.529690872899974,17.03448259467845,1.85487699659308,1.9670333989039515
83.5,-67.52493164717376,-67.24868523769204,-65.70331573486328,-66.90706360405056,6.470647184278694,16.962360956277312,1.839621874775032,1.9433435594621258
84.0,-67.48203659969535,-67.23003718737054,-65.49594116210938,-66.79279007611575,6.412659406371786,16.890528909705804,1.8464698078310497,1.912909797848386
84.5,-67.45956909576368,-67.21138913704904,-65.28856658935547,-66.66423104026101,6.354952259100357,16.818990165408337,1.8591977327767282,1.8875392274559237
85.0,-67.437101591832,-67.19274108672755,-65.28856658935547,-66.54221147479433,6.296472404755008,16.747748481946033,1.8314134222146679,1.8536380533481196
85.5,-67.41463408790034,-67.17409303640603,-65.28856658935547,-66.45974519517686,6.238225638058308,16.676807666363416,1.8112048252180892,1.8235861801053734
86.0,-67.39216658396866,-67.15544498608453,-65.28856658935547,-66.38820901598248,6.181857358170098,16.606171574542927,1.7902413107178254,1.800513272568332
86.5,-67.36969908003698,-67.13679693576304,-65.28856658935547,-66.38848646254766,6.125859283547631,16.53584411154648,1.7785878659314773,1.7810052297381946
87.0,-67.34723157610532,-67.11814888544154,-65.18322372436523,-66.35631605114853,6.067053865351132,16.465829231942855,1.7259600531971546,1.7434543263936662
87.5,-67.32476407217364,-67.09950083512003,-65.28856658935547,-66.30968776502107,6.008610959838186,16.3961309401203,1.6832967535903385,1.7102415719219808
88.0,-67.30229656824197,-67.08085278479854,-65.077880859375,-66.26305947889361,5.950956373711269,16.326753290583035,1.5851085768540156,1.6811911905135906
88.5,-67.27982906431029,-67.06220473447704,-64.86719512939453,-66.17816508616812,5.893596073270698,16.25770038823102,1.5088680613371588,1.6569541579448095
89.0,-67.25736156037863,-67.04355668415553,-65.077880859375,-66.1429599761963,5.8300080136479195,16.188976388621317,1.469820105703151,1.6172889878838699
89.5,-67.23489405644695,-67.02490863383403,-64.86719512939453,-66.13085016711005,5.767344594262315,16.120585498210595,1.4485095074998997,1.5873752794788167
90.0,-67.21242655251527,-67.00626058351253,-64.86719512939453,-66.09478967231617,5.70965887378066,16.052531974577295,1.400319572433981,1.5627511748956022
90.5,-67.1899590485836,-66.98761253319103,-64.86719512939453,-66.00033850418893,5.6523326076927285,15.984820126622123,1.37032188543978,1.5449053043965966
91.0,-67.16749154465192,-66.96896448286952,-64.86719512939453,-65.88858386926483,5.59758618538099,15.91745431474608,1.3389738100070192,1.5384546761761952
91.5,-67.14502404072026,-66.95031643254802,-64.86719512939453,-65.76888131258781,5.543268282278938,15.850438951004568,1.3205584293478405,1.5396134217565314
92.0,-67.12675243230662,-66.93166838222652,-64.65314865112305,-65.66755586925305,5.489409277491293,15.783778499236002,1.2773014927487294,1.539893717810048
92.5,-67.11224684346695,-66.91429439343904,-64.43910217285156,-65.61750017457933,5.436007059812836,15.717477475164259,1.2462529856081797,1.5485243265716366
93.0,-67.09774125462731,-66.90107427898207,-64.22166442871094,-65.55166272438592,5.380636504913885,15.65154044647283,1.2173914730215456,1.5519032743563694
93.5,-67.08482266921726,-66.88785416452508,-64.00422668457031,-65.50122863731583,5.325596979801221,15.585972032850028,1.2096924557071602,1.5594717119648465
94.0,-67.06476941162687,-66.8746340500681,-64.00422668457031,-65.38354574839275,5.271971169814178,15.520776906003105,1.1898149166663619,1.5662826511979595
94.5,-67.04635185430422,-66.86141393561113,-64.00422668457031,-65.26480611165366,5.2187764968555035,15.455959789640517,1.1819381291157276,1.58190729796547
95.0,-67.02713896194552,-66.84819382115415,-63.783348083496094,-65.21807479858398,5.166290112708715,15.391525459420121,1.1449616634542459,1.598721158565997
95.5,-66.98437692052423,-66.83497370669716,-63.562469482421875,-65.04887945934009,5.11434389468435,15.32747874286243,1.1195604450814816,1.6223195046565808
96.0,-66.95951933233204,-66.82175359224019,-63.562469482421875,-65.02255881729947,5.0650893961632955,15.264567225738357,1.0882845174542635,1.6398432851447051
96.5,-66.93719964062944,-66.80680969749277,-63.562469482421875,-64.97007417678833,5.016621867174128,15.202076874347863,1.0756889427496767,1.6626836841383141
97.0,-66.92025057104055,-66.7264950200131,-63.562469482421875,-64.91863465309143,4.969743246852401,15.139216456077017,1.0548954187589725,1.6643950017352835
97.5,-66.90916463130382,-66.63501829844125,-63.562469482421875,-64.86719512939453,4.923822377471758,15.076763386425235,1.0449785059868346,1.6703686512677092
98.0,-66.8980786915671,-66.62131679015334,-63.562469482421875,-64.979505666097,4.846484397088359,15.014722748438652,1.0467512932073644,1.585152989635473
98.5,-66.87544555421596,-66.60761528186544,-63.562469482421875,-65.28856658935547,4.770909709261529,14.953099675673856,1.0626694142923763,1.5127531524099371
99.0,-66.84336365022969,-66.59391377357753,-63.562469482421875,-65.18322372436523,4.708678224672817,14.89189935181952,1.0485548296905303,1.469477187191421
99.5,-66.82666106983831,-66.58021226528962,-63.562469482421875,-65.28856658935547,4.647007648025329,14.83112701026918,1.0482911035108615,1.4349293646840444
100.0,-66.80274998163938,-66.5665107570017,-63.562469482421875,-65.28856658935547,4.587925317610133,14.771484483151838,1.0490655872533174,1.3922875417354252
100.5,-66.78599229887492,-66.53436815888288,-63.562469482421875,-65.28856658935547,4.5293847949155825,14.712306432197217,1.0683274681422428,1.357963616521324
101.0,-66.77574443195257,-66.51325988769531,-63.562469482421875,-65.29791831970215,4.471538188363495,14.653372751619406,1.0604407170058563,1.3409108895645914
101.5,-66.76549656503022,-66.51325988769531,-63.562469482421875,-65.30727005004883,4.414046091476638,14.59491176390437,1.0614400907360217,1.3286295894642906
102.0,-66.75524869810786,-66.51325988769531,-63.562469482421875,-65.31662178039551,4.359349249847077,14.535440507988692,1.0337858097827177,1.304245073352343
102.5,-66.74281996039934,-66.51325988769531,-63.562469482421875,-65.36612396240234,4.3052609519174005,14.47646968136555,1.019341859979298,1.2840854770499859
103.0,-66.72884644215952,-66.51325988769531,-63.562469482421875,-65.39293190002442,4.255284455352561,14.42084311098936,1.0164917008226073,1.2795429649700116
103.5,-66.71487292391969,-66.51325988769531,-63.562469482421875,-65.42242390950521,4.2062272250159385,14.365761046620953,1.0251398618599243,1.2791655092872702
104.0,-66.70089940567986,-66.51325988769531,-63.562469482421875,-65.4654917907715,4.1564087206622995,14.307893452488818,0.9970763072991983,1.2852368430901475
104.5,-66.68692588744003,-66.51325988769531,-63.562469482421875,-65.48842642647878,4.10745279864693,14.250547641379463,0.980797099825298,1.2958318125748747
105.0,-66.6729523692002,-66.51325988769531,-63.562469482421875,-65.49594116210938,4.045187114359411,14.190336175417555,0.9795048469872482,1.2400569087950253
105.5,-66.65897885096038,-66.5119350940756,-63.562469482421875,-65.49329376220703,3.984113606911544,14.130716670920764,0.9946064039182088,1.1941867172448983
106.0,-66.64500533272056,-66.5008492207258,-63.672908782958984,-65.49955350539264,3.9172367592980937,14.071419663516368,1.0049198398758117,1.1585800375028805
106.5,-66.63103181448074,-66.489763347376,-63.783348083496094,-65.64861749921526,3.8522232743785887,14.01279248456469,1.0311796393592447,1.1306696366444133
107.0,-66.61705829624091,-66.4786774740262,-63.8937873840332,-65.6735188529605,3.7970566099038403,13.95465709339684,1.0222027818729882,1.0832393746368865
107.5,-66.60308477800108,-66.46759160067641,-64.00422668457031,-65.70331573486328,3.7424468155456476,13.897073917622691,1.0278525923138944,1.0428886371248127
108.0,-66.58911125976124,-66.38745000945681,-64.00422668457031,-65.70331573486328,3.684227504728054,13.84141713088339,1.004411444740956,1.0210478852696103
108.5,-66.57513774152142,-66.3692169795422,-64.00422668457031,-65.70331573486328,3.627270707443435,13.786218117344033,0.9964690513079867,1.007501382374201
109.0,-66.5611642232816,-66.35098394962759,-64.00422668457031,-65.70331573486328,3.5773467267660806,13.732356049920195,0.9442532056603218,0.9833984594145059
109.5,-66.54812384164461,-66.33275091971299,-64.00422668457031,-65.70331573486328,3.5283261337330885,13.678946711588008,0.9074040181200507,0.9669016989338696
110.0,-66.54249669139294,-66.3145178897984,-64.00422668457031,-65.70331573486328,3.4791986546815394,13.626024721738606,0.888730159601286,0.9600762591385221
110.5,-66.54572451241124,-66.29628485988377,-64.00422668457031,-65.70331573486328,3.4309363725506694,13.573568873862017,0.8844651311434655,0.9606475589731248
111.0,-66.54895233342954,-66.27805182996917,-64.00422668457031,-65.70331573486328,3.3832366581335416,13.518963722232547,0.8626808481452575,0.9510240046562395
111.5,-66.54238770079363,-66.25981880005457,-64.00422668457031,-65.70331573486328,3.3365615940460036,13.464795497470597,0.8548233959608977,0.9474779116640296
112.0,-66.52885254457968,-66.24158577013995,-64.00422668457031,-65.70331573486328,3.2889483799965324,13.414967218908094,0.8134567496988214,0.9533845667110129
112.5,-66.51767466618465,-66.2239730498039,-64.00422668457031,-65.70331573486328,3.2422722030765962,13.365699464800194,0.7893725275245884,0.9646870776075346
113.0,-66.51325988769531,-66.210271541516,-63.8937873840332,-65.70331573486328,3.1963493417606244,13.313253875145968,0.7702053516832971,0.9591771722281914
113.5,-66.50600455253192,-66.19657003322808,-64.00422668457031,-65.70331573486328,3.151448570003741,13.261359989245534,0.765932331559572,0.9621507214905488
114.0,-66.4888883439357,-66.18286852494018,-64.00422668457031,-65.54890510559082,3.1133010151794003,13.208943082439573,0.7422847337548852,0.9480820896771477
114.5,-66.47400093452237,-66.16916701665227,-64.00422668457031,-65.62262636820475,3.076932587706183,13.157152664365887,0.7330106881535755,0.9401785152660933
115.0,-66.4664279003469,-66.15546550836436,-64.00422668457031,-65.70004272460938,3.014367965123805,13.099689093618805,0.7819558885313614,0.8683493161851469
115.5,-66.45348777681124,-66.14176400007645,-64.00422668457031,-65.81525367373513,2.954894444110119,13.043060492534407,0.848687684252689,0.8127619097056641
116.0,-66.43647445899545,-66.17676300249602,-64.22166442871094,-65.90741729736328,2.8904790192646193,12.98384077078503,0.8779783532288646,0.7463700991693453
116.5,-66.42609534234812,-66.26266698079144,-64.43910217285156,-66.11151885986328,2.8312802372653243,12.926011345921147,0.9273792676467543,0.7119381174789733
117.0,-66.40115254352914,-66.24549426722149,-64.43910217285156,-66.10228599097223,2.7846772646863722,12.876035518860828,0.9275377387725674,0.6856669809051599
117.5,-66.39215376047784,-66.22832155365154,-64.43910217285156,-66.11151885986328,2.7399397043038145,12.826744102163609,0.9456885486192379,0.6667139081626365
118.0,-66.36915182691027,-66.25408457612943,-64.43910217285156,-66.11151885986328,2.6882070355904415,12.774135258451077,0.9313111331098042,0.632832114967859
118.5,-66.38583147924979,-66.23481615895099,-64.43910217285156,-66.11151885986328,2.639814409182956,12.722512033485769,0.934200985293461,0.6154814455963347
119.0,-66.36623772072218,-66.21426660910303,-64.43910217285156,-66.07183244493272,2.5978847090385035,12.675285645983758,0.9073860830922231,0.6107005707425668
119.5,-66.34664396219458,-66.11253583817289,-64.43910217285156,-66.08189210437592,2.5583043887915355,12.628692193131764,0.8957605431998567,0.6181327122345497
120.0,-66.3268941005713,-66.11151885986328,-64.43910217285156,-65.92056891358929,2.522060793795764,12.584436669924933,0.8542242511738956,0.6114847626658783
120.5,-66.30745644513935,-66.11151885986328,-64.43910217285156,-65.96777412970869,2.4877706947159672,12.54089196545477,0.8234100211333095,0.6178492415819152
121.0,-66.29783356558248,-66.11151885986328,-64.43910217285156,-65.90741729736328,2.44677243924012,12.49626329000209,0.8049070920208371,0.6043315991399588
121.5,-66.26321006983277,-66.11151885986328,-64.43910217285156,-65.81751023962143,2.4079090534450818,12.45229637459507,0.7991737358710521,0.6039898209733169
122.0,-66.24589899383497,-66.11151885986328,-64.43910217285156,-65.89273642392726,2.375593147492828,12.407566223627045,0.7681799810579377,0.6159381255436303
122.5,-66.18274889357821,-66.11151885986328,-64.43910217285156,-65.85169652844152,2.3453420403863694,12.363375368534015,0.7509213590546224,0.6414678174295331
123.0,-66.15380931968215,-66.11151885986328,-64.43910217285156,-65.86454238169341,2.314136402114592,12.321310500310426,0.7227317502091033,0.6365984431089481
123.5,-66.11151885986328,-66.11151885986328,-64.43910217285156,-65.70331573486328,2.284979204032569,12.280067908930349,0.713592547968882,0.6439170660554561
124.0,-66.11151885986328,-66.11151885986328,-64.33038330078125,-65.70331573486328,2.2534981714064917,12.239100453304815,0.7050832569605714,0.6542593559661103
124.5,-66.11151885986328,-66.11151885986328,-64.22166442871094,-65.70331573486328,2.223861174005959,12.198837923459381,0.7119152907712223,0.6754553718337772
125.0,-66.11151885986328,-66.08214999679433,-64.11294555664062,-65.67862828572592,2.194857782766371,12.160129012222312,0.7000567527747964,0.6867019161316625
125.5,-66.11151885986328,-66.08269902634345,-64.00422668457031,-65.68356577555338,2.1685186996779873,12.122219175605967,0.7003549149758981,0.7071126321042778
126.0,-66.00008912545707,-65.90741729736328,-64.00422668457031,-65.49594116210938,2.1444854972483443,12.084017772264827,0.7061174030131426,0.7116314469758662
126.5,-65.99543010827267,-65.74651275634766,-64.00422668457031,-65.28856658935547,2.1238549994301192,12.046788099260619,0.7227399398248242,0.731699167944292
127.0,-65.90741729736328,-65.74381294250489,-64.00422668457031,-65.28856658935547,2.0995529231924035,12.004049031067451,0.7243064659895042,0.7330233302193878
127.5,-65.70331573486328,-65.70331573486328,-64.00422668457031,-65.28856658935547,2.079514661923794,11.962401895758985,0.7415522929992789,0.7462227921196731
128.0,-65.70331573486328,-65.70331573486328,-64.00422668457031,-65.28856658935547,2.027971879236098,11.905008955584783,0.7155624724867773,0.7542099628411792
128.5,-65.70331573486328,-65.70331573486328,-64.00422668457031,-65.28856658935547,1.9839820253873006,11.849881145547974,0.7100731976827359,0.7846394413233225
129.0,-65.70331573486328,-65.70331573486328,-64.00422668457031,-65.28856658935547,1.9578360624689732,11.814797272130868,0.7154874007365757,0.798627922282112
129.5,-65.70331573486328,-65.70331573486328,-64.00422668457031,-65.28856658935547,1.9388314998529783,11.780809205890636,0.7366264347296282,0.8253197757323492
130.0,-65.70331573486328,-65.70331573486328,-63.783348083496094,-65.077880859375,1.9262293172649296,11.744925346427458,0.7175652432978629,0.8411688047424921
130.5,-65.70331573486328,-65.70331573486328,-63.562469482421875,-64.86719512939453,1.9184080337512812,11.710039314435685,0.7166518056124423,0.8698074498564708
131.0,-65.70331573486328,-65.70331573486328,-63.562469482421875,-64.86719512939453,1.909283077420566,11.6769941962328,0.7074573516251442,0.8800661642891416
131.5,-65.70331573486328,-65.70331573486328,-63.562469482421875,-64.86719512939453,1.9055884830410392,11.644915923297022,0.7156045058265025,0.901279639964393
132.0,-65.49594116210938,-65.49594116210938,-63.562469482421875,-64.86719512939453,1.9034687069470435,11.61283790059245,0.7102242568466054,0.9042141925942938
132.5,-65.28856658935547,-65.28856658935547,-63.562469482421875,-64.86719512939453,1.9068600044231288,11.58172973076904,0.7219326814716996,0.9186296575472964
133.0,-65.28856658935547,-65.28856658935547,-63.338111877441406,-64.65314865112305,1.8984768103703547,11.54347608705688,0.6975653179721566,0.925526104982216
133.5,-65.28856658935547,-65.28856658935547,-63.11375427246094,-64.43910217285156,1.895306547405932,11.506203491701356,0.6870441893032126,0.9409880220303709
134.0,-65.077880859375,-65.28856658935547,-63.11375427246094,-64.43910217285156,1.8828228723790288,11.476774821841774,0.6995517041626801,0.9588362809310091
134.5,-64.86719512939453,-65.28856658935547,-63.11375427246094,-64.43910217285156,1.8765602735763198,11.448574822282623,0.7313453687581086,0.9870406803056619
135.0,-64.86719512939453,-65.077880859375,-63.11375427246094,-64.43910217285156,1.8685728478554433,11.410871684216996,0.7437119454352943,0.995635848114418
135.5,-64.86719512939453,-64.86719512939453,-63.11375427246094,-64.43910217285156,1.8664433727183702,11.374564847605331,0.7705123115717804,1.0151196815436625
136.0,-65.077880859375,-65.19621086120605,-63.11375427246094,-64.43910217285156,1.804482465593064,11.308212375895609,0.7770426752149705,1.0188559608714107
136.5,-65.28856658935547,-65.28856658935547,-63.11375427246094,-64.43910217285156,1.7497314504145798,11.243735212437958,0.7976478955881862,1.0393645876517648
137.0,-65.28856658935547,-65.49594116210938,-62.999815940856934,-64.43910217285156,1.7074012645520211,11.197533542688342,0.8136218732894528,1.0289927669024241
137.5,-65.28856658935547,-65.60641817148627,-63.11375427246094,-64.43910217285156,1.672630877898675,11.152471964025185,0.8440501869213894,1.0301906666630516
138.0,-65.28856658935547,-65.49594116210938,-62.88587760925293,-64.43910217285156,1.6508013327014754,11.113202436869845,0.8224021021232973,1.0366820810603237
138.5,-65.28856658935547,-65.28856658935547,-62.65800094604492,-64.43910217285156,1.635186824482395,11.075012626345266,0.8144943150941092,1.054265675019496
139.0,-65.28856658935547,-65.49594116210938,-62.65800094604492,-64.43910217285156,1.5953959365023858,11.011976311855701,0.782998386298076,1.0388979708199158
139.5,-65.28856658935547,-65.70331573486328,-62.65800094604492,-64.43910217285156,1.5655481442259875,10.95042862833303,0.7643715200192762,1.0330032100902387
140.0,-65.49594116210938,-65.70331573486328,-62.65800094604492,-64.22166442871094,1.5403919954864924,10.902064360085511,0.7623960116497812,1.0293106127009028
140.5,-65.70331573486328,-65.70331573486328,-62.65800094604492,-64.22166442871094,1.5233652532666817,10.855159772601546,0.7777852587055945,1.0365761939814386
141.0,-65.49594116210938,-65.70331573486328,-62.65800094604492,-64.22166442871094,1.5152901385677657,10.820762179327641,0.7498152243684044,1.0255417181665427
141.5,-65.28856658935547,-65.70331573486328,-62.65800094604492,-64.00422668457031,1.5134497359022179,10.787938731077173,0.7313755831159948,1.0233710533685807
142.0,-65.28856658935547,-65.70331573486328,-62.65800094604492,-64.00422668457031,1.5086252524426813,10.753655089099906,0.7325021028004028,1.011429419289505
142.5,-65.28856658935547,-65.70331573486328,-62.65800094604492,-64.00422668457031,1.5112100896115486,10.720736182457573,0.7482727319468941,1.0118443693264563
143.0,-65.28856658935547,-65.70331573486328,-62.65800094604492,-64.00422668457031,1.5106578437643274,10.691775334492393,0.7378132130239284,0.9927794450053778
143.5,-65.28856658935547,-65.70331573486328,-62.65800094604492,-64.00422668457031,1.5172130323962032,10.664160886916932,0.7435492097337248,0.984422324132159
144.0,-65.28856658935547,-65.70331573486328,-62.65800094604492,-64.00422668457031,1.5076307617651163,10.624977015828124,0.7487750926401122,0.9805975527507105
144.5,-65.28856658935547,-65.70331573486328,-62.65800094604492,-64.00422668457031,1.5056413953277346,10.587047659685838,0.7703006786964729,0.9936863355546691
145.0,-65.28856658935547,-65.70331573486328,-62.65800094604492,-64.00422668457031,1.4804870798668097,10.533252199466917,0.7717728871947854,0.9849622518279602
145.5,-65.28856658935547,-65.70331573486328,-62.65800094604492,-64.00422668457031,1.46477596448251,10.481044193352835,0.787543668757982,0.9934582596075241
146.0,-65.28856658935547,-65.90741729736328,-62.65800094604492,-64.00422668457031,1.4432294150782854,10.429962034249792,0.795611325702522,0.9899764870286639
146.5,-65.28856658935547,-66.11151885986328,-62.65800094604492,-64.00422668457031,1.4294774036443223,10.38034180675168,0.8131444851161381,0.9998427332637099
147.0,-65.49594116210938,-66.30917930603027,-62.65800094604492,-64.00422668457031,1.4144696513055028,10.31163429480063,0.8127908944439263,0.9924189612152587
147.5,-65.70331573486328,-66.51325988769531,-62.65800094604492,-64.00422668457031,1.4100236580451224,10.245327062678525,0.8270225906782698,1.0007071925524635
148.0,-65.70331573486328,-66.71094131469727,-62.65800094604492,-64.00422668457031,1.4009376547384134,10.175108389475497,0.8365909533674663,1.017329739417501
148.5,-65.70331573486328,-66.90862274169922,-62.65800094604492,-64.00422668457031,1.4036192591167682,10.107344873014414,0.862359294864043,1.0470680674614037
149.0,-65.90741729736328,-67.10244750976562,-62.65800094604492,-64.00422668457031,1.3864264404031394,10.048496985518316,0.8824449863310359,1.0455723583139924
149.5,-66.11151885986328,-67.29627227783203,-62.65800094604492,-64.00422668457031,1.3801841695732562,9.992316624246548,0.919047793887754,1.058274444521389
150.0,-66.11151885986328,-67.29627227783203,-62.65800094604492,-64.00422668457031,1.3589459812935334,9.946746259058045,0.9437777352691579,1.0640069504980887
150.5,-66.11151885986328,-67.29627227783203,-62.65800094604492,-64.00422668457031,1.3511402926571037,9.902893563586234,0.9829849028663734,1.081197222950377
151.0,-66.11151885986328,-67.29627227783203,-62.42656326293945,-64.00422668457031,1.3389133776299569,9.860890897503054,1.0024797809076058,1.0987791186226723
151.5,-66.11151885986328,-67.29627227783203,-62.42656326293945,-64.00422668457031,1.3384821001334184,9.82036308375246,1.0329564259857194,1.1268983749707875
152.0,-66.3123893737793,-67.29627227783203,-62.42656326293945,-64.00422668457031,1.3389545573325217,9.784459494776337,1.0454870777647454,1.1221482825778266
152.5,-66.3123893737793,-67.29627227783203,-62.42656326293945,-64.00422668457031,1.3480196636273167,9.750678804923782,1.0711685396248016,1.1292026243782798
153.0,-66.3123893737793,-67.29627227783203,-62.42656326293945,-63.8937873840332,1.3272734519936529,9.719933008748695,1.0850181286206644,1.130969358169596
153.5,-66.51325988769531,-67.29627227783203,-62.65800094604492,-64.00422668457031,1.3179329395195911,9.6909011804869,1.1131293748534488,1.1436712398791764
154.0,-66.4128246307373,-67.29627227783203,-62.54050159454346,-63.8937873840332,1.3146560365891944,9.646971121880252,1.1212595397414207,1.156093930033823
154.5,-66.51325988769531,-67.29627227783203,-62.65800094604492,-64.00422668457031,1.3225401363049114,9.604771650384343,1.1430588548089637,1.177446797542204
155.0,-66.51325988769531,-67.4867057800293,-62.54228210449219,-63.783348083496094,1.3287782533569457,9.553045526476344,1.1349094463592047,1.1802658271089839
155.5,-66.51325988769531,-67.67713928222656,-62.65800094604492,-64.00422668457031,1.3488658435538528,9.503211671446602,1.1413524137971083,1.1975530105931593
156.0,-66.51325988769531,-67.86432741644902,-62.42656326293945,-64.00422668457031,1.348753305980665,9.450174039431966,1.1529074970042927,1.187162737615057
156.5,-66.51325988769531,-68.05149841448292,-62.65800094604492,-64.00422668457031,1.3693342693670536,9.398580085179374,1.177610469703358,1.1884753182860535
157.0,-66.51325988769531,-68.05151367327198,-62.65800094604492,-64.00422668457031,1.3898291779136351,9.35661456802295,1.1672282942752175,1.2009099055672023
157.5,-66.51325988769531,-68.05154577187108,-62.65800094604492,-64.00422668457031,1.4218493383809088,9.31678898819681,1.1675998364005733,1.2270313513643016
158.0,-66.61210060119629,-68.2354966623437,-62.54228210449219,-64.00422668457031,1.4599748903269567,9.268913272250307,1.1964515643508775,1.2296086228400716
158.5,-66.51325988769531,-68.4193802033551,-62.42656326293945,-64.00422668457031,1.5094531714210528,9.22344388246626,1.2449963917857387,1.2497328841884647
159.0,-66.71094131469727,-68.41942216502503,-62.54228210449219,-64.22166442871094,1.5167843679263417,9.181356498960687,1.2260302646403398,1.2535177110264335
159.5,-66.90862274169922,-68.41956282024012,-62.65800094604492,-64.00422668457031,1.5379737621228435,9.142797050132819,1.2152282912871761,1.2706176434908525
160.0,-66.90862274169922,-68.60027898698056,-62.42656326293945,-64.22166442871094,1.5549461067939871,9.092159102436996,1.2238494377669267,1.2725983721036627
160.5,-67.10244750976562,-68.78102445423325,-62.65800094604492,-64.22166442871094,1.5866494934450954,9.046543380156356,1.2450606153471095,1.2879783803819709
161.0,-67.29458618164062,-68.95857949408179,-62.65800094604492,-64.33038330078125,1.6184255650863062,8.99832553125119,1.2419298264445093,1.2849931266714218
161.5,-67.29627227783203,-69.13649926949957,-62.65800094604492,-64.43910217285156,1.6602579333374161,8.95663129621758,1.2490281101367866,1.2926282518083863
162.0,-67.48672866821289,-69.48238748022877,-62.88587760925293,-64.65314865112305,1.693769200971925,8.914570901747735,1.2421317707037618,1.2764864468334987
162.5,-67.67718505859375,-69.82580792497738,-63.11375427246094,-64.86719512939453,1.7414582086532375,8.891487249096537,1.250755981864958,1.2737686187165764
163.0,-67.67557233381658,-69.82612453035739,-63.11375427246094,-64.86719512939453,1.775614888419359,8.884580961388357,1.249711377449598,1.2618552980955429
163.5,-67.67718505859375,-69.82979697934937,-63.11375427246094,-64.86719512939453,1.8201471552747739,8.842522990078303,1.2585745412291305,1.264788937189889
164.0,-67.86446856461362,-70.16298063189205,-63.338111877441406,-64.86719512939453,1.8436924771405216,8.790893721765615,1.235715200204716,1.273013721413204
164.5,-68.05173492571339,-70.49423490637304,-63.562469482421875,-64.86719512939453,1.8729225776302092,8.756317234945156,1.2242909806316045,1.2969025163947432
165.0,-68.05175018450245,-70.88078973573224,-63.562469482421875,-65.077880859375,1.9415533829371523,8.696162080615723,1.2129869771376187,1.2744363655280095
165.5,-68.05178229995968,-71.52033562207856,-63.562469482421875,-65.28856658935547,2.0372471351452615,8.64706560099185,1.2148616206119203,1.263316291121288
166.0,-68.235917326208,-72.31389642127189,-63.783348083496094,-65.28856658935547,2.078017764544169,8.59461283868582,1.177939299293055,1.2643701878405023
166.5,-68.4199905510759,-72.72891767579857,-64.00422668457031,-65.28856658935547,2.123700859213482,8.548977914490711,1.1606336626060283,1.2755125178640083
167.0,-68.42002488335129,-73.0874247497705,-64.00422668457031,-65.28856658935547,2.2286304375104735,8.503163432909519,1.148189596775709,1.281165247195866
167.5,-68.42005921562668,-73.70348049891352,-64.00422668457031,-65.28856658935547,2.203715786024325,8.458621341034748,1.1479929255779424,1.2996882109509282
168.0,-68.59808377503364,-74.0470476504907,-64.00422668457031,-65.28856658935547,2.1794263011082258,8.382405100160542,1.131079038251101,1.3277023460639927
168.5,-68.60117920656987,-74.28751592816741,-64.00422668457031,-65.28856658935547,2.174073502832357,8.328182668925338,1.1261156352089463,1.3675183566804106
169.0,-68.95991352949383,-74.590273712272,-64.00422668457031,-65.28856658935547,2.3386333028882405,8.26152081443208,1.1293910568128736,1.3832963689401678
169.5,-69.13783287256251,-74.70749462953482,-64.00422668457031,-65.28856658935547,2.363850336963804,8.21735936942768,1.1472110739602068,1.405703852016908
170.0,-69.13795112456899,-75.01063815257513,-64.00422668457031,-65.28856658935547,2.492321246189933,8.165620500188664,1.1657218360044697,1.4143898488041637
170.5,-69.47540683083506,-74.90504500232886,-64.00422668457031,-65.28856658935547,2.5479007580958974,8.116462642837265,1.1971371377561,1.4320844125264514
171.0,-69.75477515350909,-74.93608968952677,-64.00422668457031,-65.28856658935547,2.6758417287660645,8.069520992531093,1.2337133541502985,1.4701620532624347
171.5,-69.98090465721829,-75.10653251508586,-64.00422668457031,-65.28856658935547,2.704771435549824,8.025010585232812,1.283749423228691,1.5174367390754577
172.0,-70.06190927874778,-75.0591081949957,-64.00422668457031,-65.28856658935547,2.730599671435116,7.973844055079151,1.2899098513455851,1.5402164274534806
172.5,-70.45855437282154,-75.00684012747627,-64.00422668457031,-65.28856658935547,2.7726460775810726,7.922381343694863,1.3024367643351116,1.5711474123826839
173.0,-70.71136776030269,-75.20489254950127,-64.00422668457031,-65.49594116210938,2.8569962456637152,7.864031890410253,1.3363155546946806,1.5914490562056862
173.5,-70.82864319111363,-75.2173025379722,-64.00422668457031,-65.70331573486328,2.941956810399096,7.817277903598778,1.3767261562878654,1.6463061093131741
174.0,-71.06477758879294,-75.12095546072607,-64.22166442871094,-65.70331573486328,3.0254178470546953,7.77406736176452,1.3689593540781955,1.7220057287049442
174.5,-71.24509193649564,-75.14701468357268,-64.43910217285156,-65.70331573486328,3.1139697201436998,7.7331900367595985,1.3685185316020902,1.8254007892481863
175.0,-71.35977594563303,-75.28066552506182,-64.43910217285156,-65.80536651611328,3.2047942192332246,7.695158597918581,1.373173495567038,2.02036343452804
175.5,-71.47445995477042,-75.32644658883653,-64.43910217285156,-65.90741729736328,3.233257934314916,7.660784412954431,1.3862322086817012,2.0372606610704556
176.0,-71.73236352792739,-75.48205379745497,-64.43910217285156,-65.90741729736328,3.22101714331355,7.62307521990081,1.3949851893135548,2.1221588176436916
176.5,-71.85320304136795,-75.58195491203408,-64.43910217285156,-66.11151885986328,3.2099658844135637,7.585785987396376,1.4112604830453095,2.19361439886494
177.0,-71.88665829958464,-75.5883742697962,-64.65314865112305,-66.11151885986328,3.1841471689831384,7.547226841899566,1.4324187319116821,2.2297984075834436
177.5,-72.05188028424729,-75.5946333835345,-64.86719512939453,-66.11151885986328,3.1521924763548603,7.510966344984828,1.461536345630829,2.3142865001658843
178.0,-72.08087997201608,-75.60083865575119,-64.86719512939453,-66.11151885986328,3.130944880618114,7.472463780122635,1.461283582118867,2.3464026322154012
178.5,-72.10338031259607,-75.60689399482042,-64.86719512939453,-66.11151885986328,3.0979139762454495,7.434118989885223,1.4695133107505338,2.392376512964805
179.0,-72.0621794978867,-75.62964260175201,-65.077880859375,-66.3123893737793,3.0741545010994464,7.396385874597207,1.505232678775116,2.5831531839409068
179.5,-71.92645577029353,-75.61873628274319,-65.28856658935547,-66.51325988769531,3.0730456605314345,7.359960798982395,1.5914211912834912,2.6198150371591598
180.0,-71.77465932012129,-75.62451427507943,-65.18322372436523,-66.51325988769531,3.0235448214596294,7.322515592388471,1.7073039935808256,2.587932144445355
180.5,-71.79182074782271,-75.6301442317304,-65.28856658935547,-66.51325988769531,2.978334272663944,7.286596464970185,1.8341039493256723,2.572615060322328
181.0,-71.94687745000249,-75.63570523308766,-65.077880859375,-66.3123893737793,2.9625447344519813,7.2532910190342905,1.8795951192586051,2.589093673854317
181.5,-71.94316563203355,-75.6411209985172,-65.28856658935547,-66.11151885986328,2.9558752182762107,7.225266309025538,1.9277824009555438,2.600414689239299
182.0,-72.13154656911087,-75.64646147761508,-65.077880859375,-66.3123893737793,2.982777369653022,7.191971267266796,1.9121760469711757,2.5504029985626535
182.5,-72.10378758506981,-75.65165745092223,-65.28856658935547,-66.51325988769531,3.0116436649920337,7.158456092738805,1.9044818997051995,2.511685854082684
183.0,-72.21836490499788,-75.80965427177458,-65.18322372436523,-66.51325988769531,3.0295724139927183,7.123664876624032,1.9246331992329402,2.485743889829766
183.5,-72.28151996427809,-75.90727314332013,-65.28856658935547,-66.51325988769531,3.057463453192704,7.091870957661484,1.949361333143231,2.4720422703441463
184.0,-72.15182444386228,-75.9316120374047,-65.18322372436523,-66.51325988769531,3.0624692824504565,7.05665771669059,1.9766436482843526,2.5336966605985114
184.5,-72.1355916121505,-75.95915302993352,-65.077880859375,-66.51325988769531,3.0592363137750187,7.021214256438769,2.0081125024767723,2.668218148563031
185.0,-72.02307068208691,-75.94409186574009,-65.077880859375,-66.51325988769531,3.04995462721607,6.980909353120553,2.0144153654984747,2.666014673640626
185.5,-72.14643492672165,-75.94835743656722,-65.28856658935547,-66.51325988769531,3.0018310628351537,6.940256914288679,2.0284609004348546,2.7338211083532236
186.0,-72.457564890475,-76.01205722968061,-65.28856658935547,-66.71094131469727,2.9370394968807947,6.904173912653651,2.0499559468798116,2.822257770280443
186.5,-72.36304709562651,-76.01363051756724,-65.28856658935547,-66.90862274169922,2.936530445194589,6.86697759986207,2.0729989140387484,2.8408014927681355
187.0,-72.48505497601548,-76.1855741052038,-65.28856658935547,-66.90862274169922,2.9490541721127537,6.82916316223583,2.1266921670214542,2.834817737891872
187.5,-72.56123930389288,-76.19443851233657,-65.28856658935547,-66.90862274169922,2.950592460903942,6.793167560053959,2.2100453855491526,2.836862588848826
188.0,-72.64850746080907,-76.19471799115605,-65.28856658935547,-66.90862274169922,2.9710052362484816,6.7577967887341535,2.2337478615091957,2.807764074777886
188.5,-73.00357306402638,-76.27479835576213,-65.28856658935547,-66.90862274169922,2.9740052987281724,6.7190615307357495,2.30177182438495,2.7848871441539695
189.0,-73.02631160142211,-76.32699771669223,-65.28856658935547,-66.90862274169922,2.9203474893475256,6.6812701295211285,2.307990851928088,2.7693184363634913
189.5,-73.29596973012353,-76.3851669185775,-65.28856658935547,-66.90862274169922,2.8909886082516345,6.645803888699003,2.3193051905515936,2.75753955466555
190.0,-73.29741464099534,-76.45388666526465,-65.28856658935547,-66.90862274169922,2.916292301713258,6.609290617990208,2.3304150453736585,2.7567189845732494
190.5,-73.30573360436247,-76.45792619630986,-65.28856658935547,-66.90862274169922,2.8640972022795808,6.572552413179011,2.354296402022584,2.762587395407677
191.0,-73.3177987377087,-76.46184855600144,-65.28856658935547,-66.90862274169922,2.8487635942744776,6.53845391561199,2.3500886730774657,2.73597103543402
191.5,-73.29512073776203,-76.4327587983399,-65.28856658935547,-66.90862274169922,2.852680769007682,6.503381783854893,2.3511358896831505,2.716549673427477
192.0,-73.31437688144175,-76.30385513678132,-65.28856658935547,-67.00553512573242,2.825477981709628,6.468327592611589,2.3330481877249487,2.6963220812450253
192.5,-73.43409259331683,-76.2775356793661,-65.28856658935547,-66.90862274169922,2.8069670922499284,6.433714715671538,2.3202448436760563,2.6829889505331432
193.0,-73.5296472757014,-76.29878865062592,-65.28856658935547,-67.10244750976562,2.7850766745062834,6.400234922954391,2.306729272283597,2.6823334532147345
193.5,-73.58632473233969,-76.20989410365908,-65.28856658935547,-67.29627227783203,2.7592660234914343,6.363250196928474,2.2979806787185995,2.685547529909323
194.0,-73.52819395775634,-76.23809751087086,-65.28856658935547,-67.19935989379883,2.735507292732205,6.326939408323744,2.2929137580659624,2.674317972952229
194.5,-73.58327558680253,-76.19453916330085,-65.28856658935547,-67.29627227783203,2.7166342874223552,6.292895767340962,2.291505042106174,2.6707386902851544
195.0,-73.45286217934645,-76.16258201856081,-65.28856658935547,-67.29627227783203,2.62988236564574,6.2577281749995635,2.2856867984103153,2.667552825075134
195.5,-73.59198243758914,-76.24586018720645,-65.28856658935547,-67.29627227783203,2.593575915615931,6.222653086956609,2.284256284542126,2.666466225216514
196.0,-73.53127580354351,-76.23393263621854,-65.28856658935547,-67.29627227783203,2.572560207169581,6.187245565600079,2.2827901828717647,2.6439722203629947
196.5,-73.6041312526958,-76.23169743926428,-65.28856658935547,-67.29627227783203,2.556175927933305,6.152563290424129,2.282800173206312,2.627001027855064
197.0,-73.66596665202853,-76.20719382487997,-65.28856658935547,-67.48679733276367,2.536780666750407,6.1186270354543675,2.2458601739022086,2.655830009285787
197.5,-73.60947039231479,-76.25425810957778,-65.28856658935547,-67.67732238769531,2.5207658250104847,6.08496724361661,2.2142651031708205,2.7009289068478597
198.0,-73.83614258245004,-76.25597551259501,-65.28856658935547,-67.67732238769531,2.500532050255443,6.0504541765198,2.1735146424523775,2.6969321314026375
198.5,-73.87279243755549,-76.22956568749503,-65.28856658935547,-67.67732238769531,2.506057736359094,6.0153298212726884,2.1415953703263746,2.6997760376602504
199.0,-73.74481689534602,-76.11028098851074,-65.28856658935547,-67.67732238769531,2.4925582792694634,5.978465220731329,2.123300206717247,2.6905141461816164
199.5,-73.74490574287773,-76.01162411620801,-65.28856658935547,-67.67732238769531,2.4913219311783217,5.942561533170568,2.1123031791487343,2.6847472854478895
200.0,-73.67658626311695,-76.01271922571895,-65.28856658935547,-67.86484336853027,2.465689777197596,5.906907060864239,2.100190960650603,2.664237365179833
200.5,-73.60723105874234,-76.01377887400484,-65.28856658935547,-67.8648452758789,2.4676921990936593,5.871939982894449,2.094432872893209,2.6522240624972917
201.0,-73.67365750637323,-76.01461524527868,-65.59799194335938,-67.9586067199707,2.4459845337173793,5.835001080012436,2.1357419397474025,2.6586945367475288
201.5,-73.74517384595299,-76.00269973593625,-65.70331573486328,-68.0523681640625,2.437829754243343,5.798805457698871,2.1973404947397293,2.673459700043978
202.0,-73.7441628159125,-75.89970880155967,-65.70331573486328,-68.14465282111598,2.4329229097613907,5.762869896419269,2.1951065973232957,2.668135935956822
202.5,-73.61264893012337,-76.00715230187907,-65.70331573486328,-68.23693184564695,2.4334038041159554,5.7278298313546765,2.198267934629171,2.6743293198014935
203.0,-73.89145345686794,-75.88434139463894,-65.70331573486328,-68.23693184564695,2.4134426212212805,5.695558033746769,2.2015513342941913,2.710469671707648
203.5,-74.03003724791375,-75.76848629266483,-65.70331573486328,-68.0523681640625,2.4140270579555283,5.664796789541221,2.2125858857314014,2.774786138502248
204.0,-74.03020221555391,-75.87628132794426,-65.70331573486328,-68.32777161917397,2.392578896656027,5.6293076715286725,2.2177084561027924,2.7868006816268567
204.5,-74.00379482539759,-75.84815750346728,-65.70331573486328,-68.41860580444336,2.3747701698216845,5.594985560427366,2.228945317005861,2.8752124361195563
205.0,-74.05984229376028,-75.8818600511995,-65.70331573486328,-68.41860580444336,2.368201659183168,5.561493003156105,2.253631808159624,2.8838767354352544
205.5,-74.16948084582056,-75.79456099700269,-65.70331573486328,-68.60317611694336,2.370006819699592,5.529447429613012,2.285630880154015,2.899796974019973
206.0,-74.16672222128845,-75.7640349469807,-65.90741729736328,-68.78483963018516,2.359236591241129,5.494087827328031,2.2724575759075205,2.8907941295179
206.5,-74.16970432641902,-75.76364760079099,-66.11151885986328,-68.7848358155461,2.355450011274325,5.4607750322531,2.263137396326397,2.907693292050252
207.0,-74.16938460941134,-75.76304348452122,-66.11151885986328,-68.78483200090704,2.340301325105882,5.425248440731928,2.271913527841254,2.9031453467922756
207.5,-74.16906217071262,-75.76242662778243,-66.11151885986328,-68.78482818626799,2.3368852379065856,5.392741997128147,2.286621984438359,2.9050887264794096
208.0,-74.16861474202683,-75.64514758039523,-66.00946807861328,-68.78482055722269,2.2985465928750997,5.35604849218169,2.2862047977620343,2.9036866892044255
208.5,-74.16816329359818,-75.51104439875165,-65.90741729736328,-68.78481292794457,2.2663676059967277,5.3214684589198065,2.2922998482793755,2.910018334743555
209.0,-74.1244706165968,-75.38718573833825,-66.00946807861328,-69.05154070790154,2.195281885917022,5.286455286156976,2.278750347554852,2.8913679031646664
209.5,-74.16700778784845,-75.26995831570038,-66.11151885986328,-69.14238082690889,2.1628210286057654,5.252468711373797,2.271318131622022,2.8786175623362307
210.0,-74.29499764161342,-75.24250797375214,-66.11151885986328,-69.14238739432754,2.137239164662571,5.217571914612733,2.309163995881421,2.881658791183693
210.5,-74.17438094731021,-75.24143553099944,-66.11151885986328,-69.14237213600413,2.1192090936521693,5.183419446816883,2.4263800499989943,2.9056943549820637
211.0,-74.16550589447829,-75.20000039955593,-66.21195411682129,-69.23029285590371,2.038753212619116,5.148311266752867,2.4274960056648185,2.888604195417254
211.5,-74.30285136204725,-75.13720419899761,-66.11151885986328,-69.31824041992634,2.010467326192488,5.113554581311514,2.4303059590927116,2.875949717434402
212.0,-74.31231164550222,-75.10134215420862,-66.3123893737793,-69.23034106018773,1.9658357674219817,5.076998330808724,2.435316408009153,2.8633892956966442
212.5,-74.43013743378091,-75.00876625589697,-66.51325988769531,-69.14231818604242,1.9518642144822,5.041067630743084,2.4536805958906975,2.8713556381464147
213.0,-74.31171233286315,-74.97208186845324,-66.51325988769531,-69.31807726500877,1.9354859414662189,5.005775684272299,2.473959215893137,2.8595363954216246
213.5,-74.17292888830306,-74.97060629487132,-66.51325988769531,-69.49402962064207,1.9213908847254315,4.971135487788447,2.507271524528552,2.868173704532414
214.0,-74.28090882040017,-74.96899640249951,-66.61210060119629,-69.66697992773105,1.871616800157608,4.9369330592196015,2.5149099243109316,2.8465719474408497
214.5,-74.22450171703267,-74.9671145745207,-66.71094131469727,-69.84000816011822,1.8531009677828016,4.9031229861763155,2.5345105633901355,2.839383548694992
215.0,-74.27686196238336,-74.91651323745072,-66.90669441223145,-69.8402291810937,1.8421554584232438,4.867591922691584,2.5561242859091293,2.846302384128477
215.5,-74.1883566144877,-74.83693178686745,-66.90862274169922,-69.84014907978462,1.8305407251052301,4.832403502208392,2.597502088376926,2.857337781545566
216.0,-74.27261973510454,-74.78721240315961,-67.10244750976562,-69.84006136311045,1.8081947328193924,4.797156479146977,2.5952328328158996,2.862865953166167
216.5,-74.16903934959653,-74.71794822570779,-67.29627227783203,-69.83997363176671,1.7956685008302662,4.762387376609591,2.59974315286996,2.8734383261682637
217.0,-74.15052579338045,-74.69286101639665,-67.29627227783203,-69.83987828744175,1.7699862819661676,4.726927227369611,2.583299992841652,2.863190968602126
217.5,-74.14899156178743,-74.69096558363144,-67.29627227783203,-69.8399727892494,1.7501524323209152,4.692219873616216,2.5742854401110042,2.860394365922999
218.0,-74.14736156261068,-74.68895872949625,-67.5820541381836,-70.18026024864865,1.7084113812288488,4.658149815488395,2.587590162532558,2.82976098118973
218.5,-74.1457169507087,-74.68692639413058,-67.67731475830078,-70.18011530784553,1.6922482713998244,4.6245654383794,2.6205761795427027,2.8383528462459773
219.0,-74.14398405088637,-74.58193531376205,-67.86480045340431,-70.17996276814496,1.6706034446515756,4.5901209569746655,2.6263038505966945,2.8383412473999203
219.5,-74.1422366491967,-74.52991377633828,-68.05228614850785,-70.17981019887851,1.6524484700792512,4.5559737019955575,2.6722662010772376,2.8439770639234867
220.0,-74.11848557401,-74.60856100047712,-68.23677181353962,-70.51458884027534,1.631099922526835,4.522131278082377,2.639064407458417,2.817586909505876
220.5,-74.13855147779525,-74.59632606658312,-68.4212224873049,-70.51436762833904,1.6153520476014378,4.489161205362137,2.64349109388896,2.800587015531616
221.0,-74.01932088809366,-74.5389978323141,-68.42126465053295,-70.67741005293263,1.57970217463455,4.4550762587095125,2.6262951537604944,2.780678663496295
221.5,-73.87813145399181,-74.47765984203947,-68.42124939197672,-71.00442322302588,1.545726647909907,4.421136342973003,2.6177677408335374,2.7762188347695664
222.0,-73.85710584862747,-74.42384365235347,-68.6919326357156,-71.08483150193538,1.5137605425360543,4.387184495604783,2.599369805688652,2.723769095554355
222.5,-73.85528808166671,-74.39391791939016,-68.78421998812678,-71.48507256010215,1.4892740477646795,4.353754010113058,2.5889159046967065,2.7071200821630734
223.0,-73.73264394337289,-74.33401077180352,-68.78422547643986,-71.48453549620926,1.4272945336825118,4.320118592402286,2.540383734251668,2.6498448184215198
223.5,-73.63893384350868,-74.33741488975959,-68.78419495932738,-71.48399786180066,1.370416015023363,4.286810658797507,2.498085743571731,2.6081297131007726
224.0,-73.69067108930335,-74.28683971517036,-69.05193117147698,-71.48344157818623,1.3033091516528614,4.252375957569302,2.468047778808584,2.550126770722867
224.5,-73.58681665153728,-74.18295612933355,-69.141135701281,-71.48288487023675,1.2671485593929621,4.218215316303774,2.4469545079759203,2.4971034712419993
225.0,-73.56686867933203,-74.14810402845362,-69.3165234580818,-71.55832133083481,1.199681523662612,4.1839878658155705,2.4027057503953357,2.4665445342864767
225.5,-73.56505311342356,-74.12603798726751,-69.49199282529398,-71.4854833659893,1.1501788644016704,4.150022721376172,2.373232774481402,2.4415044339150973
226.0,-73.60653891446873,-74.08103339343508,-69.578339977267,-71.48112798608085,1.0848312451812998,4.115274283648234,2.323223823950673,2.386729771528376
226.5,-73.57096734572393,-74.04605032389799,-69.49228783860607,-71.4805293069881,1.0739298599389706,4.081172393560157,2.2837184671549,2.3461283339901975
227.0,-73.55937831921942,-73.97751232137028,-69.57810137151446,-71.47444933015225,1.0827686012713358,4.048683638149326,2.2432215082168336,2.275484740294449
227.5,-73.5574404527761,-73.90583875106613,-69.49208708282984,-71.47929426848415,1.100717489621732,4.017166839054693,2.20898191749346,2.22483214947745
228.0,-73.54140887753795,-73.84456138040866,-69.66391050047123,-71.3235948025745,1.0927891178557645,3.984619992266466,2.1652576921103486,2.166992988186405
228.5,-73.52736051138749,-73.83036609750194,-69.49205796304189,-71.16385014908339,1.0931972606117049,3.9525298347911977,2.1303397787593616,2.112543253610232
229.0,-73.42979072377719,-73.78092254732155,-69.5776115573887,-71.26152554959313,1.085785214924191,3.9223782033104793,2.1022560562297103,2.052839250162821
229.5,-73.28552625177929,-73.7294204223613,-69.49166766741823,-71.31768657763041,1.0817442223594358,3.8932178455061206,2.078772808913491,2.0067456751742174
230.0,-73.1396616797541,-73.60118706769791,-69.57736166573594,-71.32142602291214,1.0888721727963895,3.863135397721441,2.031028491606033,1.9491867621140653
230.5,-72.9935764598417,-73.53097203416925,-69.49145164564112,-71.31647454204432,1.105672366972299,3.834191871997724,1.9884383443967037,1.8970071528371546
231.0,-72.97748679953666,-73.51078711246954,-69.57710342241866,-71.23923399715048,1.0997907377675458,3.803690492700798,1.9411661278093195,1.8640532782329085
231.5,-72.9758518660773,-73.520290883876,-69.49122535023926,-71.15923939294387,1.1049562129072057,3.7745115086739016,1.898861149169045,1.8374005921235326
232.0,-72.81316364122054,-73.45213226611163,-69.49091746925038,-71.07805344882426,1.0985423342904868,3.7411194557552596,1.8619911328850145,1.7835330025401201
232.5,-72.69511979819445,-73.30317363198921,-69.49079921724392,-71.15652085305017,1.1003699250724692,3.708672339611128,1.8307176375845637,1.743168948317644
233.0,-72.54548164215883,-73.27971092954459,-69.49068096343716,-71.07701690927327,1.0856972649316736,3.6801543926363443,1.7980928891564207,1.7112108297054351
233.5,-72.39567936792781,-73.26618838226334,-69.49056270962633,-70.99585501244104,1.0802912846621553,3.652735739687257,1.77138378736983,1.6847466333794974
234.0,-72.52046037803505,-73.24397589586832,-69.4904444558155,-70.91529766520733,1.0648081899278397,3.6176078557195597,1.7479543858052533,1.6503490793703792
234.5,-72.66468591535255,-73.22936059091215,-69.4903262020047,-70.83424540716325,1.0566375514437896,3.582991031486453,1.7304049413395626,1.6221995674014646
235.0,-72.67560138669522,-73.20132600952537,-69.49020414240223,-70.83258742496909,1.0381957395212902,3.543093630532114,1.7242698022978054,1.6387679652329779
235.5,-72.88995263672217,-73.27159991818293,-69.49008207395235,-70.83334395891491,1.0379642199220536,3.50511163776563,1.724193259580671,1.662817346403308
236.0,-72.85262229248073,-73.33596909653491,-69.65981994763546,-71.06874173895253,1.0287969176203935,3.469815585155411,1.713680331623357,1.6845320578263605
236.5,-72.94310381836799,-73.31242362149769,-69.66196113159889,-71.15015837768358,1.036651150326251,3.4357735366458755,1.7107514703824556,1.7160197409766806
237.0,-72.97502407808815,-73.31045540932618,-69.74756267990742,-71.1512962116182,1.0421589008892882,3.4010820566720312,1.7115769874635183,1.7223135770505993
237.5,-72.96292314868766,-73.2607811669088,-69.83336884647665,-71.15070117332215,1.0636060069993156,3.367335191038116,1.7208126998179365,1.7331220920366006
238.0,-73.01501538617885,-73.30679910604908,-69.6620949439453,-71.15009867302146,1.0386268351835874,3.333556214015185,1.7257238644581454,1.7531768377597692
238.5,-73.01198601422905,-73.28945213491966,-69.48974961185411,-71.14949600602931,1.0183251103461182,3.3007357522427023,1.7363116712548068,1.7796671011911296
239.0,-72.992706296616,-73.2675565583639,-69.57489410171213,-71.14888959063384,0.991603122471303,3.2686455956503115,1.737942240398619,1.7749095246728912
239.5,-72.95573294635028,-73.28181330747407,-69.66066087111172,-71.14828309078642,0.972683568601403,3.2376372930451316,1.7443886686930656,1.7718903387352716
240.0,-72.9657498083073,-73.31378682985604,-69.74652267492147,-71.14767657284072,0.9481618903960743,3.2064479254756533,1.758956413706238,1.7608543912231918
240.5,-72.9466447226105,-73.24365735480602,-69.83223225003235,-71.14707005448496,0.9318398079997509,3.176015006196122,1.7773399013041318,1.7533661643525114
241.0,-72.94231344998686,-73.29928485506136,-69.66115882330901,-71.06813340964649,0.9160935148288345,3.1444537989050496,1.7817774048168655,1.7445689007791678
241.5,-72.94047493422596,-73.22978368496314,-69.65948410349304,-71.13477371246529,0.9089598121523959,3.113774807093964,1.7913251297950317,1.7499360599836664
242.0,-73.06096869555758,-73.28224639290747,-69.66023360976159,-71.1452314928174,0.888076236746602,3.0817028332998277,1.8028450671272755,1.75976002193986
242.5,-73.19036373809755,-73.23709505443432,-69.48893868606714,-71.1446211412549,0.8867532907928414,3.0515518673893456,1.818670607876133,1.7740991324295536
243.0,-73.19351862532048,-73.28707462963092,-69.48818238452077,-71.29629167573543,0.8632403731615825,3.0219030108516485,1.8210546686443994,1.795859782752141
243.5,-73.1949873403068,-73.25481108410497,-69.48805268481374,-71.45143199755634,0.850156634653454,2.993390511739037,1.8277551425506011,1.8238717907640536
244.0,-73.20954338458682,-73.21295050993115,-69.48792679049075,-71.45545642109961,0.839186125886664,2.964677975037713,1.849466757425964,1.8093468452170922
244.5,-73.20742195972188,-73.20742195972188,-69.48780090548098,-71.4546896318484,0.8416658297488554,2.9363853445703874,1.875493301875737,1.7999319529935773
245.0,-73.20530363087398,-73.20530363087398,-69.48767121508718,-71.4539265292967,0.833397220617799,2.907123370011659,1.8749558836077882,1.7931879844361212
245.5,-73.20318579526382,-73.19672574915771,-69.48754151538014,-71.4531635432746,0.8272918908927074,2.8787119538918873,1.8798571456347724,1.7912028210095854
246.0,-73.16838434518934,-73.13916127657014,-69.40024076915776,-71.72010058470805,0.8250681034138166,2.8502495256578193,1.9188682728158022,1.8050686872614738
246.5,-73.18033662236118,-73.12579213836705,-69.31272668214608,-71.7574997140348,0.8270924296942458,2.82261276560655,1.964721404871669,1.825622063386311
247.0,-73.15892388679356,-73.0626019680162,-69.31251164560979,-71.75656863181352,0.8389384518210009,2.795576534814963,1.9851450166783424,1.8656624856133408
247.5,-73.16710439160519,-73.00997008177573,-69.312408647212,-71.75563770363235,0.8613357501341503,2.770704466612369,2.0094251172902475,1.9166943210197327
248.0,-73.19267026134025,-73.03176169019264,-69.39943897597894,-71.75471406972392,0.8744438938262876,2.746173918010131,2.0410302195405436,1.9241997143001313
248.5,-73.15738465621453,-72.95582629953174,-69.48657846435262,-71.75379074391962,0.8886129595683749,2.7226140623468322,2.0776941045605897,1.9327299317048594
249.0,-73.13744952554497,-72.98603008682929,-69.39955056337973,-71.89537698876077,0.8927855108595275,2.69737178703537,2.1020674369993197,1.9538434462050702
249.5,-73.14781472147055,-72.99318502272959,-69.31210709017162,-72.04292605297651,0.9116800453579889,2.6727431962962793,2.1312932374218754,1.98194418022304
250.0,-73.06360702809584,-73.02825184554553,-69.31190128252348,-71.97845670624757,0.9214977757271313,2.6496723408692286,2.1403079594009955,1.9883167244177726
250.5,-73.01175916852064,-72.94948407747887,-69.31180209853187,-72.04851086795635,0.948332341722928,2.6291452477533537,2.154884622308188,2.0115857703458455
251.0,-72.93144139031594,-72.78259156033181,-69.31170291639864,-71.90522039637631,0.9501933631460333,2.61693909886942,2.159832934323222,2.000770279757785
251.5,-72.67219381457338,-72.62946513821358,-69.31160373426974,-71.75418296913443,0.9836173799322776,2.614856786444981,2.170285160226377,1.997265584767877
252.0,-72.60990593476726,-72.56598868803196,-69.31150793715796,-71.67408400090369,0.9718487692116554,2.600660972211819,2.165661854541119,1.976556987700496
252.5,-72.34971625523383,-72.50334607634892,-69.48541585419879,-71.4492516547045,0.9745038099259872,2.587067791636264,2.166349271994886,1.9657625265223269
253.0,-72.3188750457958,-72.39551396778415,-69.485691335813,-71.58795280564743,0.9671492563625056,2.562584415387909,2.122687484880034,1.9058643631395942
253.5,-72.11967302549603,-72.33426350948118,-69.4855730783933,-71.44560303505727,0.9962989110456489,2.5466559062511935,2.0842989565869545,1.8600858755651268
254.0,-72.02363137986836,-72.20086021201354,-69.39844809641693,-71.28957400185789,0.9936783790742446,2.5271185372748337,2.0474041883316265,1.8033578876884089
254.5,-71.86903942832161,-72.06025331335428,-69.4851451111766,-71.28244217990218,1.0208116591981562,2.5088003380736548,2.017107227141025,1.756587964392006
255.0,-71.78390515886232,-72.02822790113797,-69.39704552086258,-71.20703767653234,1.038738561497651,2.4924521691948294,1.9649808426772553,1.7044192285876512
255.5,-71.74276445809645,-71.97241333777029,-69.48473548423726,-71.13079588172995,1.0706813310216963,2.4852561654498504,1.9210988909496618,1.6737290744719073
256.0,-71.73384639123098,-71.94534077182539,-69.48499702860846,-70.97358945883748,1.102691199123809,2.4785485253771875,1.8678685538493278,1.6287697435620965
256.5,-71.63294855457484,-71.900099705121,-69.48488639901161,-70.81481508557843,1.1408964139045907,2.475879863438595,1.822410300469333,1.5960582371748402
257.0,-71.5924948183754,-71.85439225870033,-69.31086937532113,-70.65314666921665,1.1826850249231091,2.4687306404458282,1.801401556733734,1.5766218970560746
257.5,-71.44480616415905,-71.80469745060137,-69.3103972418634,-70.65060101480665,1.2304163804627763,2.4615924328578163,1.7948340214922132,1.5740167155140394
258.0,-71.43528080624161,-71.75500264250238,-69.31039646041566,-70.72808546926504,1.2311803872045746,2.434336009058743,1.7550290220805072,1.5425289653395187
258.5,-71.43463972189322,-71.73638082199957,-69.13634270105482,-70.81004628068413,1.2229903127320405,2.4031155983332266,1.7180434164076506,1.5086627359211136
259.0,-71.36894858237468,-71.71785205988328,-69.13609702163376,-70.65164289851617,1.2080853614043723,2.3690235726969973,1.6905077235717738,1.479097898109033
259.5,-71.3604014837724,-71.67444862324115,-69.13603217178024,-70.49016019368086,1.198860610781087,2.336094269174843,1.6698908656317628,1.4558912569048938
260.0,-71.36413035123469,-71.61350726665712,-68.9587001923389,-70.4885163216957,1.1771589294501592,2.3021406559374955,1.6379469959708615,1.4282271144598064
260.5,-71.33845498141167,-71.64063100540102,-68.78118408989377,-70.48823018447192,1.1628288295216205,2.2699938648750915,1.6140990593608167,1.41042398780364
261.0,-71.3006147876247,-71.58642890078204,-68.78106309555054,-70.32511071058757,1.144627150384196,2.236134338611962,1.6008325365656133,1.3651669251525393
261.5,-71.38265474351513,-71.50083487667254,-68.78102876222738,-70.16064848795781,1.132531012020384,2.203965149710659,1.595148792777498,1.340663658528156
262.0,-71.25883427617006,-71.4722840563102,-68.69067767617923,-70.17505563880215,1.1156814901658338,2.1734100249850186,1.5691972971953883,1.320645518207107
262.5,-71.1247967135597,-71.43377580697788,-68.7809215010451,-70.1594095621864,1.104412844746992,2.1445732108771307,1.5503338116129968,1.308668743654913
263.0,-71.12190163342957,-71.42933686184142,-68.60025407269634,-70.15921876590893,1.0940983983526869,2.112942949272226,1.5387505110866286,1.2911375306855983
263.5,-71.12146662518731,-71.42879112696934,-68.78082187650143,-70.15902800775974,1.0929255100173878,2.0836108879515005,1.5334372983223585,1.279692668724316
264.0,-71.12104664655881,-71.34876567313285,-68.6002655455442,-70.15884484917304,1.0639606331737086,2.054816936341321,1.506828599060956,1.2744542741671376
264.5,-71.12062690176364,-71.30220176957769,-68.41955483529178,-70.15866172693893,1.0406004796469197,2.0273502362258022,1.4877877264377568,1.2801786392522425
265.0,-71.2710737270903,-71.27374974215594,-68.5098141519256,-70.15848619987014,1.0136633677962656,1.9951975479102932,1.494997704577216,1.3137207380398546
265.5,-71.42226467414852,-71.42377285021782,-68.60010654999354,-70.15831070772913,0.9991771444628148,1.9679322813668472,1.5095232249465416,1.356726886748423
266.0,-71.42625946952445,-71.57294757249497,-68.50977791393116,-70.15814280704969,0.9885550785605105,1.9417141330508936,1.5141331099556552,1.3733903817989288
266.5,-71.42578241398756,-71.72205275876232,-68.41949039808975,-70.1579749398784,0.9919455107716192,1.9197237019199958,1.5296743582055954,1.4017428780201933
267.0,-71.5748940199487,-71.81610564561336,-68.41946411319077,-70.15781467623444,0.9862163717250105,1.8973223995915036,1.5454503099999188,1.4166423044716778
267.5,-71.71933991208687,-71.80445411245177,-68.41944885440171,-70.1576544442796,0.9907034642675275,1.8780028504430517,1.5687313450512643,1.441607123488981
268.0,-71.72409885697836,-71.8239658106043,-68.32748020847131,-70.15750180750798,0.9881606522069489,1.8548945819251514,1.5798949831852314,1.4686532511347128
268.5,-71.72191180215972,-71.72682866454764,-68.41941474027524,-70.15734920098863,0.9910163653213249,1.8347225625407575,1.5978145278366647,1.5084368986155832
269.0,-71.63157828411016,-71.72306753671258,-68.41941452166066,-70.15720800163727,0.9869655559225264,1.8159108422480588,1.6278433547977145,1.5006438329088085
269.5,-71.70834778804212,-71.72256747563641,-68.41940307756886,-70.15706684491515,0.9893058022975924,1.799189114726522,1.66535904282414,1.5162185030848065
270.0,-71.5751461649887,-71.72210104093786,-68.41939163347706,-70.47475016633516,0.9889976237546644,1.7823182048380233,1.6921517986705994,1.5288785944003263
270.5,-71.67228616638731,-71.72163532098061,-68.41938018938527,-70.48359008077423,0.9938272239908841,1.7667174426159584,1.7245699124089293,1.5693696716433183
271.0,-71.6856093653384,-71.76946301675801,-68.50963084162977,-70.64233709656689,1.0156870032983056,1.75630806910567,1.7563529601298773,1.6062615378850391
271.5,-71.71805891820856,-71.8167460628672,-68.41936832291294,-70.75802206079172,1.0478129118354782,1.7498073574036255,1.7944108824520135,1.6544337305866674
272.0,-71.78138715557378,-71.78182916209215,-68.59986242178485,-70.87547691557646,1.0602308026798282,1.7407504728510317,1.8266343415619113,1.6701511258206825
272.5,-71.72116411677024,-71.72116411677024,-68.78038958077173,-70.96965174159831,1.0796170562669092,1.7332173096253325,1.8651912231427452,1.6944547965974481
273.0,-71.87118936223192,-71.86287121473063,-68.69016117845132,-71.10879162885645,1.1026414299779532,1.7336180280999438,1.9088442999600417,1.7051971611493562
273.5,-72.00821518085195,-72.00821518085195,-68.78038110299423,-71.41694992413804,1.1346972880395034,1.7400538416696425,1.9616684736590695,1.738412861987997
274.0,-72.01071561070364,-72.01071561070364,-68.78038406779537,-71.40964238776483,1.154647027761254,1.7376883279371076,1.9813882155159603,1.733105898010685
274.5,-72.01030703910052,-72.01030703910052,-68.78036499372695,-71.42115510224674,1.1787325649971405,1.7371561336206507,2.0064839325307284,1.7557177030131663
275.0,-72.13296910687036,-72.12860258085882,-68.78034973423928,-71.56723238333657,1.2161423940106684,1.751026010002604,2.032900754103965,1.777732492420252
275.5,-72.1674075953741,-72.14672905629175,-68.78033447545022,-71.7160921741966,1.26409890742457,1.7708785564444738,2.065547865692431,1.8146305070264572
276.0,-72.15416434233215,-72.152275583119,-68.78032303031074,-71.71765444173353,1.2892373951929257,1.768706576242031,2.0940902171225417,1.764415857893108
276.5,-72.17272292928968,-72.18298200715753,-68.78031158586968,-71.71738720904258,1.3188549469311732,1.7693247777535654,2.133899187984164,1.7353770828673094
277.0,-72.16543875172599,-72.15637623584087,-68.78030014177784,-71.71715019630564,1.3311778380552486,1.7693206058480897,2.156617505184868,1.7129188664292931
277.5,-72.19922547756923,-72.09425514499455,-68.78028869768605,-71.71691351172221,1.347792027626769,1.7716703819191595,2.1859956996489673,1.6975719050901605
278.0,-72.15226198627516,-72.08018926351406,-68.78027725359425,-71.64271511229158,1.3301486156925741,1.759451337415318,2.175729867152498,1.6521524275963964
278.5,-72.0093217818563,-72.00859887720503,-68.78026580950245,-71.71595037966058,1.3195124431799565,1.7498278933909555,2.1731656197061713,1.6245941599734082
279.0,-72.00767698274854,-72.00767698274854,-68.95731703600414,-71.56818227827989,1.3239533236985026,1.7476860924315556,2.1384676773794244,1.5932157222802024
279.5,-72.00747841852065,-72.00747841852065,-68.7802827706729,-71.71526699145305,1.331736519547003,1.7474984548700172,2.1206291164007287,1.5839990851234627
280.0,-71.93498312413003,-71.86264094342548,-68.86877695767907,-71.41789668904191,1.3335207868110732,1.7483806290869202,2.0010250423412312,1.5542076974018653
280.5,-71.86189614522081,-71.7166197273208,-68.95731417380739,-71.41805334455522,1.3398556793888239,1.7508633689063928,1.911279589492036,1.5741856075377756
281.0,-71.71585118518296,-71.6415830099238,-68.95731926066219,-70.77125933621168,1.3280886555757256,1.7453968120144128,1.8115630330657129,1.4736583434133421
281.5,-71.71575956254605,-71.56687710083573,-68.78024609932135,-70.15524549086106,1.3676246476109455,1.7546521603149887,1.734316498303599,1.4872863180547955
282.0,-70.77037689376868,-70.84356442012859,-68.77171574133388,-69.89507618368549,1.3547927358203886,1.7196864588278742,1.6824057829644519,1.393826956751535
282.5,-70.07267412677919,-69.96829217600589,-68.41923522949219,-69.82186889788144,1.3988615241425923,1.7183983492383366,1.6530985114440424,1.4074331582833006
283.0,-70.00072147988973,-69.8863116654496,-68.23537063598633,-69.47815418496634,1.278810913404037,1.668757257814279,1.5720540951906645,1.266280182918048
283.5,-69.82186126708984,-69.82186126708984,-68.05150604248047,-69.1343765258789,1.2840712954883293,1.6858122610273765,1.5160030213641997,1.2096099198003685
284.0,-69.65172682895275,-69.69246063984423,-67.86432647705078,-68.95730209350586,1.2054763603991667,1.6550959050818717,1.4444706457596368,1.169751148108211
284.5,-69.48159196646884,-69.48161316011104,-67.6771469116211,-68.78022766113281,1.2214808180272556,1.6819845846361685,1.3920557433213783,1.1713572278089017
285.0,-69.30798127921298,-69.30798127921298,-67.48670959472656,-68.68998336797813,1.1205054995757537,1.7083908917628028,1.3628540321812466,1.1341174158945735
285.5,-69.13437016979631,-69.17132203045989,-67.29627227783203,-68.59973356656775,1.1288723875845559,1.7436306490488154,1.3466682157953629,1.1188327583429856
286.0,-69.08248792537661,-69.13089286238456,-67.19766616821289,-68.59973356656776,1.0323102955470083,1.742790167692545,1.3158056063227543,1.0872922297285048
286.5,-68.89086680887905,-69.06455741627096,-66.90862274169922,-68.41924285888672,1.0216273095780355,1.761732577461914,1.3019290501950067,1.0745364869282106
287.0,-68.94614090077403,-69.00765604000006,-66.80785369873047,-68.23537826538086,1.1804789004360607,1.6998281012913923,1.250420030817636,1.1655532997700808
287.5,-68.78025055024773,-68.78025055024773,-66.51325988769531,-68.051513671875,1.4547465336311318,1.8011320336828212,1.213501239748351,1.3643777362881992
288.0,-68.73254311338852,-68.78025817964226,-66.51325988769531,-68.051513671875,1.0935304904919607,1.4015913037294445,1.2376819339338243,1.0450201962225887
288.5,-68.41925811790861,-68.78024377508274,-66.51325988769531,-68.051513671875,0.866357128903471,1.187078097579751,1.274667369260412,0.8334678632323441
289.0,-68.41926193260588,-68.59974925282084,-66.3123893737793,-67.86433029174805,0.7286020784789873,1.109771003124634,1.2619501715681174,0.7991208132869048
289.5,-68.41925452474294,-68.41926574753597,-66.11151885986328,-67.84941237129621,0.6460076571746435,1.0553800297901317,1.271191672363636,0.8133808838034537
290.0,-68.23538791300624,-68.4192733769305,-65.90741729736328,-67.86433410644531,0.624578470275415,1.0012577106308238,1.2828114339073013,0.856567516921719
290.5,-68.05152130126953,-68.4192810060922,-65.70331573486328,-67.6771469116211,0.6263832561999196,0.9696087169423524,1.3087150106158303,0.9256742000689926
291.0,-68.41596125243693,-68.41928482078947,-65.49594116210938,-67.86433792114258,0.6337550924359923,0.9438285406295797,1.326784304935192,0.9879909689293856
291.5,-68.41929965510238,-68.41929965510238,-65.28856658935547,-68.05152893066406,0.6763332788541763,0.9460205465805395,1.3786993156190654,1.0932390821592515
292.0,-68.59984885244108,-68.59984885244108,-65.077880859375,-68.05152893066406,0.6919023132160033,0.9486312483438435,1.4209474194141698,1.1738362658222952
292.5,-68.78031171043212,,-64.86719512939453,-68.05152893066406,0.7511202510806617,,1.4861744319561658,1.288765556872382
293.0,-68.48933295034239,,-64.65314865112305,-67.82128206888835,0.750841871050024,,1.384908512658627,1.259114278584385
293.5,-68.19835419025267,,-64.43910217285156,-67.59103520711263,0.8021085814764178,,1.330258774262175,1.304777827287149
294.0,-67.90737543016296,,-64.22166442871094,-67.36078834533691,0.8691213301152773,,1.274955145183144,1.3145786498437368
294.5,-67.61639667007323,,-64.00422668457031,-67.1305414835612,0.964013909386234,,1.2506350177086858,1.3510195816755888
295.0,-67.32541790998351,,-63.783348083496094,-66.90029462178548,1.0757673844246507,,1.2334777252373077,1.37507692738608
295.5,-67.03443914989379,,-63.562469482421875,-66.67004776000977,1.2033137147244588,,1.234808584535674,1.418216053542467
296.0,-66.74346038980407,,-63.783348083496094,-66.43980089823405,1.3429248190542509,,1.2496776400894807,1.3542340634780698
296.5,-66.45248162971436,,-63.562469482421875,-66.20955403645833,1.4903749879883608,,1.3168937373534721,1.3498987205783766
297.0,-66.16150286962463,,-63.783348083496094,-66.01688508152694,1.6259930291891713,,1.4053072998120184,1.3739355558637456
297.5,-65.87052410953491,,-63.562469482421875,-65.78982719398167,1.7672458833033438,,1.5689497707154256,1.501812677213909
298.0,-65.57954534944518,,-63.783348083496094,-65.53919689166858,1.8923705312584702,,1.7471692243836205,1.7069916254782873
298.5,-65.28856658935547,,-63.783348083496094,-65.28856658935547,2.0216663627966565,,1.9816441728738254,1.965354151320043
299.0,-65.077880859375,,-63.767876625061035,-65.077880859375,1.7028861889774103,,1.676318925049581,1.6494258945037825
299.5,-64.86719512939453,,-63.11375427246094,-64.86719512939453,1.5589253294106193,,1.499153947534367,1.5128457016278347
300.0,-64.86719512939453,,-63.338111877441406,-64.86719512939453,1.5617051371655477,,1.502118150170596,1.496369805952871
300.5,-64.86719512939453,,-63.11375427246094,-64.86719512939453,1.6266784926786393,,1.5815002549955492,1.536285410276544
301.0,-64.65314865112305,,-62.88587760925293,-64.65314865112305,1.7816801467999415,,1.540026104832144,1.564543674491438
301.5,-64.43910217285156,,-62.65800094604492,-64.43910217285156,1.9912027032563777,,1.5805070660968712,1.6465965691598976
302.0,-64.65314865112305,,-62.191524505615234,-64.65314865112305,2.047359660604453,,1.7105239615503518,1.7513123295061435
302.5,-64.86719512939453,,-61.72504806518555,-64.86719512939453,2.151159592148819,,1.874025324559663,1.9250530691093013
303.0,-64.43571090698242,,-61.960086822509766,-64.2148323059082,2.2864037804990227,,1.6443695534086669,1.8897418689877548
303.5,-64.00422668457031,,-61.72504806518555,-63.562469482421875,2.4886000837883615,,1.4943011087699196,1.9317340052880734
304.0,-64.22166442871094,,-61.72504806518555,-63.1102352142334,2.5280771523458023,,1.5230918218149296,1.9315023101199993
304.5,-64.22166442871094,,-61.72504806518555,-62.65800094604492,2.600692281104535,,1.5805699870503573,1.978226564152775
305.0,-64.22166442871094,,-61.2476921081543,-62.42656326293945,2.6483247153176563,,1.5674337707258719,2.0033628611961
305.5,-64.43910217285156,,-61.005332946777344,-62.195125579833984,2.72964093518003,,1.5856168960745072,2.0459924936074736
306.0,,,-61.005332946777344,-62.195125579833984,,,1.607875767841597,2.064328011586602
306.5,,,-60.76297378540039,-62.195125579833984,,,1.6520413200921813,2.095848884242903
307.0,,,-60.76297378540039,-62.195125579833984,,,1.641208601997944,2.067720034876413
307.5,,,-60.76297378540039,-62.195125579833984,,,1.6579139328576482,2.0646331424028284
308.0,,,-60.516897201538086,-62.195125579833984,,,1.6544083192268968,2.0469595397545697
308.5,,,-60.27082061767578,-62.195125579833984,,,1.6657695334997498,2.052056240442166
309.0,,,-60.27082061767578,-62.077606201171875,,,1.6379917720335495,2.0809374462190435
309.5,,,-60.27082061767578,-61.960086822509766,,,1.6649368708026282,2.12927589550003
310.0,,,-60.0209846496582,-61.960086822509766,,,1.696290125970279,2.11727762600168
310.5,,,-60.27082061767578,-61.72504806518555,,,1.742537266743308,2.1420607138690544
311.0,,,-59.896066665649414,-61.72504806518555,,,1.7648483929812335,2.1441584505447033
311.5,,,-59.771148681640625,-61.72504806518555,,,1.8027012798720945,2.160943577437431
312.0,,,-59.771148681640625,-61.72504806518555,,,1.823023356684708,2.1989917706545574
312.5,,,-59.771148681640625,-61.72504806518555,,,1.8619458080083544,2.3449004127978226
313.0,,,-59.51751708984375,-61.72504806518555,,,1.8869542998595326,2.4220288206658758
313.5,,,-59.263885498046875,-61.72504806518555,,,1.9345274944557096,2.5493516619498293
314.0,,,-59.38688659667969,-61.842567443847656,,,1.9477280426059043,2.630083525132388
314.5,,,-59.263885498046875,-61.72504806518555,,,1.979596024145022,2.7218524536121342
315.0,,,-59.00642013549805,-61.72504806518555,,,1.9956365760650865,2.716393948078785
315.5,,,-58.74895477294922,-61.72504806518555,,,2.0301749286459345,2.7260719270109908
316.0,,,-58.87768745422363,-61.72504806518555,,,2.040345391373912,2.7681195050657195
316.5,,,-58.74895477294922,-61.72504806518555,,,2.071383098827898,2.835247267600821
317.0,,,-58.74895477294922,-61.72504806518555,,,2.059658081772461,2.884410873295114
317.5,,,-58.74895477294922,-61.72504806518555,,,2.0690182304930285,2.9527996444765097
318.0,,,-58.74895477294922,-61.72504806518555,,,2.0548606467129975,3.0468878421094345
318.5,,,-58.74895477294922,-61.48637008666992,,,2.057596806337034,3.2048328520456826
319.0,,,-58.487619400024414,,,,2.0291938652870543,
319.5,,,-58.22628402709961,,,,2.022805452489803,
320.0,,,-58.22628402709961,,,,2.0126433342664685,
320.5,,,-58.22628402709961,,,,2.0224565939093258,
321.0,,,-58.22628402709961,,,,2.2108378212725115,
321.5,,,-58.22628402709961,,,,2.540119165918425,
322.0,,,-57.96104049682617,,,,2.529276245052725,
322.5,,,-57.96104049682617,,,,2.5056890536975063,
323.0,,,-57.96104049682617,,,,2.479938697545939,
323.5,,,-58.22628402709961,,,,2.470634993340149,
324.0,,,-58.22628402709961,,,,2.487923689845953,
324.5,,,-58.22628402709961,,,,2.5216751159659254,
325.0,,,-58.22628402709961,,,,2.5192043834206457,
325.5,,,-58.22628402709961,,,,2.5275129915270123,
326.0,,,,,,,,
326.5,,,,,,,,
327.0,,,,,,,,
327.5,,,,,,,,
328.0,,,,,,,,
328.5,,,,,,,,
329.0,,,,,,,,
329.5,,,,,,,,
330.0,,,,,,,,
330.5,,,,,,,,
331.0,,,,,,,,
331.5,,,,,,,,
332.0,,,,,,,,
332.5,,,,,,,,
333.0,,,,,,,,
333.5,,,,,,,,
334.0,,,,,,,,
334.5,,,,,,,,
335.0,,,,,,,,
335.5,,,,,,,,
336.0,,,,,,,,
336.5,,,,,,,,
337.0,,,,,,,,
337.5,,,,,,,,
338.0,,,,,,,,
338.5,,,,,,,,
339.0,,,,,,,,
339.5,,,,,,,,
340.0,,,,,,,,
340.5,,,,,,,,
341.0,,,,,,,,
341.5,,,,,,,,
342.0,,,,,,,,
342.5,,,,,,,,
343.0,,,,,,,,
343.5,,,,,,,,
344.0,,,,,,,,
344.5,,,,,,,,
345.0,,,,,,,,
345.5,,,,,,,,
346.0,,,,,,,,
346.5,,,,,,,,
347.0,,,,,,,,
347.5,,,,,,,,
348.0,,,,,,,,
348.5,,,,,,,,
349.0,,,,,,,,
349.5,,,,,,,,
350.0,,,,,,,,
350.5,,,,,,,,
351.0,,,,,,,,
351.5,,,,,,,,
352.0,,,,,,,,
352.5,,,,,,,,
353.0,,,,,,,,
353.5,,,,,,,,
354.0,,,,,,,,
354.5,,,,,,,,
355.0,,,,,,,,
355.5,,,,,,,,
356.0,,,,,,,,
356.5,,,,,,,,
357.0,,,,,,,,
357.5,,,,,,,,
358.0,,,,,,,,
358.5,,,,,,,,
359.0,,,,,,,,
359.5,,,,,,,,
